name3,email3,text3
Raven Ellis,in.at@hotmail.couk,Östergötlands län
Shaine Hays,gravida@hotmail.edu,Michigan
Whitney Singleton,ligula.eu.enim@yahoo.edu,Xīběi
Kennan Contreras,consectetuer.adipiscing@aol.com,Andalucía
Chaim Wilkerson,rhoncus@icloud.com,Henegouwen
Eleanor Fisher,ultrices.posuere@icloud.com,Cajamarca
Meredith Parks,eleifend.cras@outlook.edu,Molise
Rebekah Peters,magnis@yahoo.net,Vladimir Oblast
Nerea Paul,vulputate@yahoo.net,Connacht
Upton Fry,pede.sagittis@hotmail.couk,Carinthia
Lacota Sloan,vitae.purus@yahoo.com,Emilia-Romagna
Joseph Mcdaniel,odio.semper@hotmail.com,North Island
Hayes Harvey,mauris.id@aol.couk,East Lothian
Chelsea Gentry,turpis@google.couk,La Rioja
Justina Patrick,hendrerit.consectetuer.cursus@google.edu,Riau
Ivory Jacobson,et@icloud.org,Namen
Jasper Richmond,risus.duis@aol.com,Podlaskie
Emmanuel Cabrera,ut@google.net,Loreto
Amanda Britt,nec.cursus.a@protonmail.ca,Sardegna
Ignatius Hurley,et.malesuada@outlook.couk,Styria
Hedley Clements,ante.maecenas.mi@yahoo.couk,Galicia
Catherine Aguirre,lorem.ipsum@aol.com,Victoria
Olympia Sanchez,mi.eleifend@aol.edu,Chhattisgarh
Ila Gonzalez,ipsum.sodales.purus@hotmail.net,Lombardia
Shay Ratliff,ut.aliquam@aol.org,National Capital Region
Sara Ross,at.velit.pellentesque@yahoo.com,Amazonas
Selma Mclaughlin,fames.ac.turpis@yahoo.org,Utrecht
Angela Callahan,diam@yahoo.couk,Papua
Ishmael Mckee,tristique.pellentesque.tellus@yahoo.org,Pernambuco
Patience Burt,neque.et@hotmail.ca,Trøndelag
Lynn Cline,tincidunt@protonmail.com,Cusco
Xaviera Cox,et.nunc.quisque@protonmail.edu,KwaZulu-Natal
Norman Lindsay,sollicitudin.adipiscing@outlook.ca,Jönköpings län
Quemby Guzman,felis.nulla@hotmail.org,Huádōng
Callum Becker,sagittis.duis@yahoo.couk,Rio Grande do Sul
Ginger Gibson,ante@yahoo.net,Kharkiv oblast
Giselle Vance,morbi.non@outlook.couk,National Capital Region
David Bass,proin@icloud.net,Ancash
Lester Parsons,sem.mollis.dui@protonmail.org,Dōngběi
Amir Cummings,donec.sollicitudin@protonmail.net,Ancash
Abel Estrada,pede@aol.com,Noord Holland
Florence Bernard,morbi.non@icloud.net,Oslo
Ira Gaines,magnis.dis@yahoo.couk,Himachal Pradesh
Maryam Juarez,sit.amet.consectetuer@hotmail.org,Delaware
Acton Cardenas,malesuada.vel@icloud.com,Tyrol
Leandra Carpenter,euismod.urna.nullam@protonmail.edu,Calabria
Bevis Neal,tellus@icloud.org,Centre
Ruth Griffin,eu.nibh@icloud.edu,Northwest Territories
Hammett Beard,libero.at@google.couk,Östergötlands län
Halee Mann,at.lacus.quisque@hotmail.org,Hà Tĩnh
Claudia Hampton,vehicula.risus.nulla@aol.org,Hamburg
Desirae Kim,donec.feugiat@google.net,Nevada
Cameron Bridges,dolor.quam.elementum@aol.ca,Île-de-France
Vance Matthews,nulla.at@google.net,Xīnán
Liberty Lowery,ut.cursus.luctus@aol.ca,KwaZulu-Natal
Althea Golden,suscipit.nonummy@google.org,Nord-Pas-de-Calais
Sharon Morgan,purus@aol.com,Lâm Đồng
Lane Jacobs,sem.nulla.interdum@icloud.org,North Gyeongsang
Angelica Aguilar,magnis.dis@yahoo.net,Castilla - La Mancha
Erich Rodgers,purus.gravida.sagittis@protonmail.com,Brussels Hoofdstedelijk Gewest
Amanda Figueroa,nam.ac@yahoo.ca,Hải Dương
Helen Carr,ipsum.dolor@google.com,Galicia
Colette Phillips,nec.ante@icloud.edu,Perthshire
Darius Morgan,massa@google.org,Xīběi
Angelica Bartlett,amet.risus@yahoo.org,Saskatchewan
Illana Ellis,eleifend@aol.com,San José
Hedy Buckner,sociosqu.ad@protonmail.org,Guanacaste
Charles Holmes,semper.rutrum@outlook.com,North Island
Dominique Watson,phasellus.fermentum.convallis@yahoo.ca,South Australia
Ralph Blackwell,ante.iaculis@yahoo.com,Eastern Cape
Rebekah Collins,pede.et@protonmail.com,Hà Giang
Keelie Jordan,adipiscing@hotmail.ca,Santa Catarina
Lacota Poole,velit.egestas.lacinia@hotmail.couk,Chernivtsi oblast
Kristen Ortega,proin.vel@hotmail.com,Bursa
Destiny Copeland,at.lacus@outlook.couk,Heredia
Hermione Koch,volutpat.nunc@hotmail.com,Aquitaine
Maile Weiss,malesuada.fames.ac@yahoo.org,Bengkulu
Rhoda Navarro,scelerisque.dui.suspendisse@yahoo.edu,Noord Brabant
Daryl Glass,aliquam.eros@aol.net,Biobío
Keane Mejia,egestas.duis.ac@google.net,Guaviare
Quail Cooke,laoreet.libero.et@yahoo.org,Punjab
Chloe Jenkins,pellentesque.habitant@protonmail.net,Heredia
Fay Franco,nec.ligula.consectetuer@aol.org,Brandenburg
Ulla Morin,integer.sem.elit@icloud.ca,FATA
Gray Beard,ipsum.non.arcu@outlook.couk,Ankara
Keane Rivas,ac.mattis@icloud.edu,Lazio
Elvis Barrera,euismod.est.arcu@aol.net,Mersin
Ciaran James,dictum@yahoo.com,Haute-Normandie
Hanna Baird,semper.pretium.neque@google.com,West Sulawesi
Griffin Mcpherson,vitae.sodales@hotmail.couk,Styria
Hiram Collins,orci.in.consequat@hotmail.com,Maranhão
Genevieve Salas,phasellus.at.augue@yahoo.com,Małopolskie
Perry Mercer,natoque@icloud.couk,La Libertad
Ariel Burks,enim.etiam@icloud.com,Şanlıurfa
Azalia Talley,turpis.nec@google.couk,Lima
Danielle Shepherd,vulputate.mauris@google.couk,Lambayeque
Avram Mejia,risus.quisque@protonmail.couk,Ankara
Norman Murphy,suspendisse.eleifend.cras@icloud.couk,Podkarpackie
Orla Graves,non.enim@aol.ca,Riau Islands
Hollee Calderon,mattis.integer@hotmail.ca,Baden Württemberg
Justine Wilder,ornare.lectus@yahoo.edu,Chandigarh
Thaddeus Mcfarland,quisque.varius@outlook.com,Molise
Reece Larson,sem@aol.couk,Azad Kashmir
Xena Chan,donec.felis.orci@protonmail.edu,Lâm Đồng
Ramona Leonard,commodo.auctor@aol.couk,Connacht
Tobias Huffman,rhoncus.nullam@google.ca,Kon Tum
Evangeline Bruce,magna.suspendisse.tristique@hotmail.net,Biobío
Jamalia Richardson,nullam.scelerisque@outlook.ca,Vestland
Aladdin Chapman,varius.ultrices@yahoo.org,South Chungcheong
Cadman Grimes,donec.consectetuer@outlook.edu,Northern Mindanao
Maxwell Huber,curabitur.sed.tortor@icloud.com,Madhya Pradesh
Colleen Avila,nascetur.ridiculus@hotmail.edu,Bicol Region
Teagan Garrison,dui@google.com,North West
August Matthews,et.commodo@yahoo.com,Bayern
Martin Bowers,nulla.magna@protonmail.org,Vestfold og Telemark
Petra Mccarty,dui.suspendisse@aol.net,Gauteng
Buffy Burns,sapien@protonmail.edu,Jönköpings län
Zachery Herrera,rutrum.urna@outlook.com,Katsina
Zephania Hensley,cum@yahoo.net,Hải Phòng
Carla Ford,aliquam@google.edu,Soccsksargen
Quinn Buckner,cursus.nunc@hotmail.com,Piura
Ferris Dotson,dignissim@yahoo.net,Connacht
Mikayla Bright,interdum.libero@yahoo.org,Cherkasy oblast
Vincent Jenkins,feugiat@aol.couk,Bahia
Randall Sims,dictum@icloud.edu,Akwa Ibom
Palmer Dudley,ornare.lectus@aol.com,Arizona
Coby Vasquez,rutrum.magna.cras@google.net,Sucre
Mary Bernard,integer.sem.elit@outlook.ca,Trøndelag
Lavinia Pickett,tellus.justo@google.edu,Stockholms län
Charlotte Stevenson,cras@protonmail.ca,Quảng Trị
Grady Livingston,velit.aliquam.nisl@yahoo.net,East Region
Ann Malone,natoque.penatibus.et@icloud.com,San José
Irene Alexander,ridiculus.mus.donec@protonmail.net,Bayern
Ariana Mendoza,vestibulum@hotmail.org,Loreto
Dustin Witt,enim.sed@protonmail.ca,Free State
Lamar Garcia,at.fringilla.purus@google.net,Brussels Hoofdstedelijk Gewest
Lareina Sweet,diam@aol.edu,Saskatchewan
Driscoll Wong,donec.elementum.lorem@icloud.org,Eastern Visayas
Hedda Massey,egestas@hotmail.net,Oslo
Melyssa Fuller,egestas.a@aol.net,Punjab
Levi Macias,euismod@google.com,Vĩnh Phúc
Tashya Conner,purus.maecenas@hotmail.net,Vinnytsia oblast
Adria Mueller,massa.integer@hotmail.org,Zhōngnán
Damian Dunn,conubia.nostra@google.org,Eastern Cape
Kessie Poole,at.pede@hotmail.couk,Punjab
Keiko Cantu,rutrum@outlook.edu,La Rioja
Katell Richard,sem.semper@protonmail.couk,Smolensk Oblast
Chester Jarvis,sed.diam@icloud.net,Odessa oblast
Kylie Jacobson,nullam@aol.ca,Salzburg
Kimberly Thornton,vestibulum.neque@hotmail.net,South Island
Gareth Durham,suspendisse.dui@protonmail.edu,Rio de Janeiro
Rosalyn Mckinney,dictum@yahoo.ca,Cheshire
Oscar Ellis,fusce.fermentum.fermentum@yahoo.net,Pennsylvania
Emerald Cook,mus.proin@icloud.net,New Brunswick
Michael Dillard,placerat.velit@icloud.com,Punjab
Callie Landry,ultricies.adipiscing@outlook.net,Drenthe
Hakeem Larson,nonummy@protonmail.edu,Haryana
Gwendolyn Goodwin,donec@google.edu,Smolensk Oblast
Callie Pitts,non@outlook.ca,Georgia
Branden Morrison,nec.ligula.consectetuer@yahoo.edu,North West
Carter King,in.scelerisque.scelerisque@yahoo.org,Davao Region
Armand Puckett,dictum.eu@icloud.org,Leinster
Camden Waller,odio@icloud.com,Alajuela
Carolyn Harmon,auctor.vitae@yahoo.com,Anglesey
Derek Cross,arcu.sed@hotmail.org,Limousin
Liberty Hayes,et.risus@google.ca,Osun
Xenos Blankenship,ultrices.posuere.cubilia@protonmail.ca,South Island
Kieran Stokes,nulla.facilisi@aol.net,Aquitaine
Jessamine Hurst,aliquam.vulputate@icloud.ca,Northwest Territories
Owen Savage,sit@outlook.com,Uttarakhand
Tamekah Leblanc,rutrum.magna@hotmail.couk,Chernihiv oblast
Galvin Todd,eget@icloud.com,Salzburg
Francis Mcguire,hendrerit@icloud.couk,Bicol Region
Florence Boyer,facilisis.lorem@icloud.ca,Rio de Janeiro
Melinda Mack,dui.cras@aol.net,Limpopo
Alden Gonzales,ultrices.mauris.ipsum@icloud.com,Sumy oblast
Sara Leach,tristique.aliquet@aol.couk,Kaduna
Harper Maynard,in.at.pede@protonmail.org,Punjab
Zenia Alvarado,molestie@yahoo.edu,Cardiganshire
Amelia Edwards,risus.a@outlook.edu,Ankara
Jana Osborne,curabitur.consequat.lectus@icloud.org,Hồ Chí Minh City
Alisa Cross,vel@icloud.com,Marche
Dante Cash,non.egestas@outlook.org,North Gyeongsang
Azalia Gould,duis.risus@icloud.couk,Westmorland
Reece Goff,mi@hotmail.ca,Junín
Chester Best,arcu.vestibulum@google.ca,West Region
Randall Garza,erat@protonmail.couk,Huádōng
Rooney Meyer,metus.sit.amet@aol.edu,North Jeolla
Iola Villarreal,morbi.sit@hotmail.couk,West-Vlaanderen
Lenore Pierce,dolor@protonmail.couk,Tamil Nadu
Evelyn Pena,tincidunt.nibh.phasellus@icloud.com,Van
Zia Floyd,fusce.fermentum.fermentum@hotmail.couk,Picardie
Shad Velazquez,lobortis.augue.scelerisque@outlook.org,O'Higgins
Judah English,proin.mi@yahoo.net,Kano
Merritt Shelton,amet@hotmail.ca,Huáběi
Christopher Peters,consectetuer@protonmail.edu,Pará
Rooney Tillman,suspendisse.aliquet@hotmail.edu,Nordland
Addison Barker,purus.in@aol.net,Limburg
Abigail Wynn,fusce.aliquet@protonmail.net,Rio Grande do Sul
Guinevere Olsen,pretium.aliquet@yahoo.couk,Tyrol
Bell Morin,purus@aol.ca,Munster
Donovan Mccoy,primis.in.faucibus@yahoo.couk,Western Australia
Whitney Hood,sapien.nunc@yahoo.org,Victoria
Mason Ryan,tellus@aol.couk,Styria
Cooper Orr,aenean.sed.pede@hotmail.org,Western Cape
Hiroko Chen,libero.dui@outlook.edu,Arunachal Pradesh
Garrett Chang,proin.vel.nisl@protonmail.org,Newfoundland and Labrador
Sybil Pugh,molestie.dapibus.ligula@hotmail.couk,Kayseri
Oscar Arnold,suspendisse@yahoo.ca,Podlaskie
Nora Cleveland,ut@yahoo.edu,Friesland
Dillon Hodge,nisi.sem@outlook.org,South Australia
Jackson Myers,lectus.rutrum@google.couk,Sucre
Bradley Clemons,amet.orci.ut@aol.net,South Island
Noelle Jacobson,tempor.bibendum.donec@hotmail.couk,Baden Württemberg
Francis Morgan,aliquet.lobortis.nisi@outlook.couk,Argyllshire
Nichole Mcintosh,justo.faucibus@google.org,Basilicata
Erin Moody,egestas.ligula@icloud.edu,West Sumatra
Adele Buchanan,integer.in.magna@google.couk,Brussels Hoofdstedelijk Gewest
Holly Emerson,tortor.nunc.commodo@hotmail.edu,Pays de la Loire
Lael Blevins,nunc.lectus.pede@yahoo.ca,Drenthe
Yolanda Dunlap,vitae.semper.egestas@protonmail.com,West Bengal
Cain Mccall,imperdiet@outlook.org,Pernambuco
Orson Woods,pretium.aliquet@aol.net,Kansas
Shaeleigh Yang,eu.neque.pellentesque@hotmail.edu,North-East Region
Alma Monroe,sem@google.ca,Los Ríos
Nevada Hayden,mi@google.edu,Castilla - La Mancha
Katelyn Walsh,malesuada.ut@yahoo.org,Yucatán
Plato Nelson,diam.at.pretium@icloud.net,Bolívar
Sacha Vance,fusce.aliquam.enim@outlook.net,Lower Austria
Macey Norris,enim.etiam.imperdiet@yahoo.com,Utrecht
India House,tempor@icloud.couk,Valle d'Aosta
Graiden Fry,neque@hotmail.couk,Tripura
Barrett Glenn,cursus.in@protonmail.org,Munster
Myra Hays,ad@outlook.net,Paraíba
Cyrus Fowler,nunc@outlook.edu,Huádōng
Bradley Levine,non.nisi@yahoo.ca,British Columbia
Briar Reese,non@aol.net,Vienna
Melvin Downs,pede.sagittis@protonmail.edu,Principado de Asturias
Pascale Mcpherson,aliquam.iaculis@aol.couk,Friuli-Venezia Giulia
Beatrice Lowery,cras.vulputate@protonmail.net,Cusco
Florence Bullock,facilisis.non.bibendum@outlook.net,Aydın
Dillon Avery,vel.lectus@hotmail.org,Konya
Armando Gentry,praesent.interdum@outlook.org,Kahramanmaraş
Ethan Garner,enim.nec.tempus@icloud.com,Adana
Ulysses Cruz,non.lobortis@google.ca,Tver Oblast
Uta Benton,donec.egestas@aol.edu,Victoria
Myles Serrano,nunc@outlook.edu,Central Luzon
Basil Gilliam,sed@icloud.edu,Viken
Ora Horton,integer.id@yahoo.org,Astrakhan Oblast
Burke Church,enim@icloud.couk,South Island
Idona Mathis,commodo.at@outlook.ca,Sakhalin Oblast
Buffy Kim,dignissim.pharetra@icloud.org,Nordland
Lara Cruz,lorem.ipsum.sodales@google.org,Auvergne
Luke Patton,sed.pharetra@yahoo.net,Ontario
Cairo Jefferson,elit.dictum@hotmail.edu,Thừa Thiên–Huế
Daryl Hendrix,et.magnis@outlook.couk,łódzkie
Phyllis Henry,sodales.purus.in@aol.edu,Ceará
Lucius Cruz,sed.sem.egestas@hotmail.net,Khyber Pakhtoonkhwa
Meredith David,commodo.tincidunt@outlook.net,North West
Quintessa Schultz,ac.mattis@icloud.com,North Island
Denton Flynn,aliquet.phasellus@google.ca,Calabarzon
Hilary Boyle,in@yahoo.edu,Kostroma Oblast
Olivia Owen,nec.mauris@aol.couk,Limpopo
Reese Nicholson,facilisis.eget@aol.couk,Goiás
Winifred Barron,nunc.mauris.elit@google.couk,Maine
Jamalia Mcpherson,non.sollicitudin@icloud.org,Rivne oblast
Adam Wise,lacus.ut@aol.ca,New South Wales
Buckminster Beasley,magna.nam@aol.org,Western Cape
Lucius Bean,turpis.egestas.aliquam@hotmail.couk,British Columbia
Kim Taylor,maecenas.ornare.egestas@google.couk,Central Region
Wylie Pace,sociis.natoque@outlook.edu,Wielkopolskie
Nehru Shelton,vulputate@protonmail.net,Oaxaca
Xena Tucker,facilisis.vitae@yahoo.net,South Jeolla
Wyatt Klein,diam.eu.dolor@yahoo.com,Soccsksargen
Cora Manning,orci.in@protonmail.ca,Mazowieckie
Thane Dunlap,nonummy@protonmail.net,Gangwon
Nora Maldonado,enim.nunc.ut@outlook.edu,Bourgogne
Wing Bush,nunc.sollicitudin.commodo@icloud.org,Kincardineshire
Keely Nicholson,vulputate.eu.odio@google.ca,Ninh Thuận
Beatrice Cannon,nullam.feugiat@aol.org,Gangwon
Alfonso Nunez,nonummy@google.couk,Wisconsin
Zachery Osborn,ullamcorper.eu@icloud.edu,FATA
Shaeleigh Beard,id.libero@outlook.edu,Mazowieckie
Darius Winters,ut.nulla@outlook.net,Khyber Pakhtoonkhwa
Chanda Leach,nibh.quisque.nonummy@outlook.ca,Limón
Conan Weber,donec.vitae@aol.ca,Nebraska
Audra Rogers,posuere.vulputate@protonmail.ca,Azad Kashmir
Francis Lambert,pellentesque.eget@google.couk,Mecklenburg-Vorpommern
Arthur Owens,elementum@aol.couk,Sindh
Gloria Durham,nostra.per.inceptos@hotmail.ca,Pomorskie
Wanda Mckinney,nec@aol.net,Namen
Stacey Stevenson,sed.hendrerit.a@hotmail.ca,Podlaskie
James Francis,orci@protonmail.ca,East Region
Arsenio Nolan,vitae.aliquet@icloud.couk,Şanlıurfa
Steel Alexander,diam.duis@icloud.net,Mecklenburg-Vorpommern
Mark Mckee,ut@hotmail.ca,Oxfordshire
Jasper Warner,sed.consequat@hotmail.com,Ivanovo Oblast
Tashya Greer,nibh.sit@google.org,Akwa Ibom
Kyra Black,nulla.at@google.couk,Western Cape
Walter Hensley,et.euismod@aol.org,Gyeonggi
Raya Sharp,semper.cursus@outlook.org,Alabama
Thaddeus Paul,nunc.ullamcorper@hotmail.com,Chelyabinsk Oblast
Aileen Wells,orci@hotmail.edu,Rheinland-Pfalz
Andrew Bernard,orci.lobortis@hotmail.org,Donetsk oblast
Howard Alexander,nunc.mauris@icloud.com,Västra Götalands län
Cara Walls,mauris.integer.sem@yahoo.org,Rogaland
Roth Davenport,velit.aliquam@hotmail.com,Bahia
Garth Kane,integer.id.magna@google.org,Lambayeque
Edward Glover,tincidunt.vehicula.risus@outlook.ca,Arequipa
Elvis Dunlap,id.risus.quis@icloud.com,Kostroma Oblast
Ross Haney,ultrices@hotmail.ca,Kaluga Oblast
Amber Perez,eget.tincidunt@outlook.net,Vienna
Tara Rodgers,vel.pede.blandit@protonmail.edu,Connecticut
Melinda Rogers,augue.ut@hotmail.org,Baja California
Solomon Calderon,posuere.at.velit@icloud.edu,Michigan
Melissa Saunders,tempor.erat@hotmail.couk,Arizona
Virginia Faulkner,magna.sed.eu@google.edu,Xīnán
Allistair Davidson,montes.nascetur@outlook.net,Östergötlands län
Anthony Macdonald,in.nec@icloud.net,Northern Cape
Phoebe Christensen,neque.et.nunc@aol.net,Loreto
Rosalyn Macdonald,sagittis.placerat@google.com,Balochistan
Marvin Rodriguez,enim.nunc@outlook.edu,Bremen
Wade Ross,dolor.fusce@protonmail.net,Leinster
Andrew Buckner,et@yahoo.net,Moscow City
Jacob Dalton,orci.ut@protonmail.com,Vlaams-Brabant
Kevin Landry,laoreet.lectus@google.net,Vinnytsia oblast
Madison Atkins,eu.tellus@outlook.org,Zuid Holland
Galvin Daugherty,eleifend.vitae@aol.ca,West-Vlaanderen
Camilla Preston,metus.vitae.velit@aol.net,Salzburg
Erin Ellis,ante.ipsum@outlook.ca,Leinster
Phoebe Boyd,odio.nam.interdum@yahoo.edu,Papua
Mason Rhodes,vitae.velit@icloud.ca,Noord Holland
Dillon Bowman,semper.rutrum@icloud.couk,Ceará
Cassady Stevenson,morbi.non@outlook.org,Limpopo
Aurelia Sosa,magna.et@icloud.couk,Nordrhein-Westphalen
Abdul Oneal,erat.sed@aol.couk,North-East Region
Charles Melton,interdum.ligula@yahoo.org,Massachusetts
Illiana English,in@outlook.couk,Ogun
Wing Payne,cras.lorem@google.edu,Jalisco
Orson Whitaker,felis.eget@icloud.couk,Vestfold og Telemark
Kermit Bauer,dapibus.id@icloud.edu,Paraíba
Lionel Kidd,aliquam.enim@aol.ca,Connacht
Dana Gilbert,nulla@icloud.edu,Umbria
John Howell,dignissim@protonmail.edu,East Java
Gannon Compton,diam@outlook.org,North Region
Fay Campos,mus.aenean.eget@protonmail.com,Paraíba
Cecilia Quinn,fusce@yahoo.couk,Puno
Lee Morrison,tincidunt.aliquam.arcu@google.com,North Island
Lavinia Justice,interdum@google.ca,Gaziantep
Chaney Rojas,neque.morbi@protonmail.org,Metropolitana de Santiago
Carolyn Mcconnell,neque.nullam@icloud.edu,Saint Petersburg City
Nelle Henson,posuere@protonmail.couk,Abruzzo
Echo Moon,sed@icloud.net,Agder
Dean Dejesus,ante@icloud.net,Zhytomyr oblast
Brady Horton,ipsum.primis@yahoo.org,Tennessee
Imani Garcia,neque@hotmail.net,Tasmania
Caryn Garrison,nec@google.ca,Troms og Finnmark
Germaine Harmon,enim.condimentum@yahoo.com,Andhra Pradesh
Oleg Yates,cras@protonmail.edu,Huila
Lani Calderon,sit@yahoo.com,North Island
Linda Hester,morbi.sit@icloud.org,Katsina
Iola Fitzpatrick,vestibulum@outlook.com,Oyo
Grant Hardy,risus.at.fringilla@yahoo.org,San José
Hollee Shepard,non.ante@icloud.edu,Swiętokrzyskie
Zane Cannon,rutrum.lorem.ac@protonmail.com,Orkney
Kathleen Stevens,purus.mauris@aol.ca,Noord Holland
Zoe Sweet,dolor.tempus@icloud.org,Moscow City
Noelle Hebert,quisque.ac.libero@outlook.net,Leinster
Lee Diaz,donec.egestas@hotmail.com,Nordland
Xanthus Lee,phasellus.libero@google.couk,Khyber Pakhtoonkhwa
Echo Dyer,tincidunt.donec@yahoo.edu,Dōngběi
Indigo Marsh,imperdiet.erat@aol.couk,Midi-Pyrénées
Ursa Jacobs,felis.ullamcorper@google.net,Australian Capital Territory
Brenda Vinson,id.sapien@aol.couk,New South Wales
Raya O'connor,faucibus.morbi@icloud.edu,Västra Götalands län
Porter Stone,lectus.pede@hotmail.com,Puno
Kyla Reeves,enim@icloud.com,Oaxaca
Cameron Patton,aliquam.rutrum@hotmail.org,Upper Austria
William Pennington,odio.sagittis@icloud.net,Cantabria
Iliana Lopez,ac@outlook.org,Liguria
Gisela Stafford,ut.lacus@google.couk,Magallanes y Antártica Chilena
Ali Lang,commodo.tincidunt@hotmail.ca,Rajasthan
Lance Sosa,mauris.id@aol.com,Texas
Jenna Francis,eu.metus@hotmail.ca,Sumy oblast
Eleanor Salinas,curae.phasellus@protonmail.org,Kirovohrad oblast
Carolyn Bernard,ligula@hotmail.couk,Ilocos Region
Yoshi Ballard,eros.non.enim@aol.com,Huádōng
Leilani Ross,mattis.ornare.lectus@outlook.edu,South Sulawesi
Charlotte Payne,ligula.aenean@aol.ca,Lubelskie
Knox Best,nullam.suscipit@aol.couk,Lanarkshire
Wade Gillespie,a.enim.suspendisse@outlook.com,Ulster
Harding Moon,iaculis@outlook.ca,Orenburg Oblast
Robert Blankenship,metus.vitae@protonmail.com,Penza Oblast
Bell Hebert,augue@icloud.org,Dōngběi
Ezra Hahn,scelerisque.neque.sed@outlook.org,Northwest Territories
Giacomo Ayers,blandit@hotmail.edu,North-East Region
Nissim Gregory,ante.ipsum@yahoo.edu,Loreto
Noble Barker,tincidunt.pede@google.ca,Bình Thuận
Isabella Duncan,purus.in.molestie@protonmail.net,Free State
Bo Bradshaw,vitae@outlook.edu,Irkutsk Oblast
Willa Ware,dolor.egestas.rhoncus@hotmail.ca,Kirovohrad oblast
Bruno Perry,neque.morbi.quis@icloud.net,Ancash
Octavia Fry,sed.dolor@yahoo.couk,Lubelskie
Fleur Cooley,enim.gravida.sit@hotmail.edu,Małopolskie
Cecilia Porter,nullam@google.com,Madhya Pradesh
Gareth Massey,lectus.a@protonmail.com,Cusco
Portia Hurst,dignissim.pharetra.nam@icloud.edu,Arica y Parinacota
Wilma York,ornare.placerat@hotmail.ca,Zuid Holland
Cally Leon,pede.blandit@outlook.edu,Cajamarca
Rhiannon Fuller,vitae@aol.com,Biobío
Fritz Waters,feugiat@yahoo.net,Central Luzon
Colette Hahn,lacinia@aol.com,Coquimbo
Mariko Roberts,molestie.tellus@hotmail.org,Nordland
Allistair Knowles,magna@google.com,Andalucía
Brendan Hartman,amet.consectetuer.adipiscing@hotmail.couk,Gia Lai
Keefe Rosales,vel.arcu@yahoo.com,North Island
Candice Marshall,molestie.orci@protonmail.ca,Western Australia
Micah Howard,magna.tellus@aol.couk,Valle d'Aosta
Jenna Justice,cras.vulputate@hotmail.com,Xīnán
Vanna Schneider,in@aol.net,Dōngběi
Britanney Wilkins,eu@google.edu,Munster
Ian Mosley,sem.molestie@aol.net,Pays de la Loire
Myra Woods,vitae.aliquam@outlook.org,Overijssel
Kibo Schmidt,nunc.risus@outlook.edu,New South Wales
September Santiago,nullam.suscipit@google.edu,Kaduna
Bernard Sherman,ultricies.ornare@icloud.com,Poltava oblast
Finn Vinson,nec.quam@yahoo.edu,Kano
Valentine Hewitt,curae.donec.tincidunt@hotmail.ca,Casanare
Karyn Peters,cursus@protonmail.net,Huádōng
Lavinia Whitaker,maecenas.mi@protonmail.couk,Haute-Normandie
Shad Mathews,vitae.nibh.donec@google.edu,West Region
Harding Salas,sit.amet@protonmail.org,Vinnytsia oblast
Quinlan Albert,vestibulum.accumsan.neque@hotmail.edu,Auvergne
Caryn Wilcox,arcu.vestibulum@yahoo.net,Bauchi
Lamar Delacruz,risus.duis@icloud.ca,Hải Phòng
Evelyn Briggs,magna.tellus@hotmail.couk,Östergötlands län
Whitney Stanley,sem.egestas.blandit@protonmail.com,Southwestern Tagalog Region
Marshall Fuentes,elit.fermentum@outlook.org,Riau
Samson Blackburn,orci.consectetuer@aol.org,Delhi
Merrill Bailey,per.inceptos@outlook.net,Carinthia
Brendan Solis,ipsum.phasellus.vitae@yahoo.com,Tabasco
Yetta Moran,ac.feugiat@hotmail.edu,Belgorod Oblast
Rama Steele,praesent.eu@yahoo.org,Hidalgo
Amos Barr,ipsum.nunc.id@protonmail.couk,Samsun
Regan Sanchez,lorem.vitae@yahoo.org,Delta
Alice Wynn,consectetuer.mauris@protonmail.ca,Kahramanmaraş
Marshall Payne,sit.amet.faucibus@yahoo.edu,Missouri
Anne Chapman,sem@aol.com,Western Cape
Sopoline Williams,magna.praesent@aol.ca,Västra Götalands län
Jason Ortega,scelerisque@protonmail.ca,South Island
Nyssa Garrison,consectetuer.adipiscing.elit@yahoo.edu,South Island
John Hendrix,erat.etiam@outlook.com,South Island
Tara Bowen,lobortis.nisi@hotmail.ca,West Sulawesi
Erica West,tempor.augue@protonmail.org,North Chungcheong
Katell Lynch,non@aol.couk,Schleswig-Holstein
Allistair Ayala,at@outlook.org,Quảng Trị
Scott Brennan,phasellus.dapibus.quam@icloud.org,Tasmania
Louis Leach,arcu.vestibulum.ante@hotmail.org,Loreto
Noelle Chang,ac.mattis@yahoo.ca,Friuli-Venezia Giulia
Shea Nixon,erat@hotmail.com,O'Higgins
Orson Blackburn,porta.elit@yahoo.net,Paraíba
Amity Mendoza,tincidunt.neque@hotmail.couk,Agder
Mannix Gay,risus.a.ultricies@aol.ca,Benue
Cyrus Johnson,sit.amet@protonmail.couk,Nizhny Novgorod Oblast
Laurel Mejia,imperdiet.ornare@protonmail.org,Östergötlands län
Dante Grant,amet.consectetuer@icloud.couk,Northern Mindanao
MacKenzie Hodge,nisl@icloud.edu,Tasmania
Timothy Velazquez,vitae@hotmail.org,Stockholms län
Chandler Guzman,nulla.eu@aol.net,FATA
Nomlanga Webster,vel.venenatis@protonmail.edu,Vaupés
Kelly Ray,urna.nullam@hotmail.ca,South Chungcheong
Silas Vaughan,commodo.ipsum.suspendisse@aol.com,Puno
Dolan Harmon,tincidunt@yahoo.edu,National Capital Region
Burton Patrick,gravida.praesent.eu@icloud.edu,Luhansk oblast
Wallace Durham,ridiculus.mus@yahoo.edu,Bicol Region
Minerva Mckee,vel@google.org,Central Region
Cody Strickland,dui.quis@outlook.edu,Piura
Joel Velez,odio.sagittis.semper@hotmail.com,Gangwon
Zorita French,ipsum.suspendisse.sagittis@yahoo.org,Northern Territory
Jack Mays,ultrices.iaculis.odio@icloud.couk,Munster
Brynn Cross,non@icloud.com,Lambayeque
Lance Roberson,tempor@protonmail.couk,East Region
Hammett Anthony,nisl.quisque.fringilla@yahoo.edu,Östergötlands län
Beatrice Adkins,eu@aol.net,Vaupés
Matthew Acosta,dolor.egestas@icloud.org,Waals-Brabant
Isabelle Rodriquez,molestie.pharetra@yahoo.couk,Biobío
Logan Rodriguez,tristique@aol.edu,Central Region
Dale Hogan,mauris.erat@hotmail.net,Newfoundland and Labrador
Veda Blevins,et@icloud.net,Emilia-Romagna
Carson Solomon,vestibulum.accumsan.neque@outlook.com,Kahramanmaraş
September Jennings,fames.ac@icloud.edu,Rivers
Halla Benson,aenean.massa@protonmail.edu,Kerala
Dana Rivers,lobortis.nisi.nibh@yahoo.org,Cusco
Kareem Payne,leo.cras.vehicula@aol.com,Lai Châu
Chaney Fowler,augue.id@hotmail.com,Styria
Yael Terrell,ridiculus@aol.com,Kerala
Colorado Duran,a.purus.duis@hotmail.org,New South Wales
Tucker Palmer,donec.luctus@yahoo.couk,Picardie
Danielle Wright,libero@protonmail.com,Lagos
Adara Meyers,dui.lectus@google.ca,Essex
